<?xml version="1.0" encoding="UTF-8"?>
<configurationDescriptor version="69">
  <logicalFolder name="root" displayName="root" projectFiles="true">
    <logicalFolder name="src" displayName="Source Files" projectFiles="true">
      <itemPath>../src/Application.cpp</itemPath>
      <itemPath>../src/Application.h</itemPath>
      <itemPath>../src/EditLocationsDialog.cpp</itemPath>
      <itemPath>../src/EditLocationsDialog.h</itemPath>
      <itemPath>../src/Explorer.cpp</itemPath>
      <itemPath>../src/Explorer.h</itemPath>
      <itemPath>../src/GLCanvas.cpp</itemPath>
      <itemPath>../src/GLCanvas.h</itemPath>
      <itemPath>../src/MainFrame.cpp</itemPath>
      <itemPath>../src/MainFrame.h</itemPath>
      <itemPath>../src/Panorama.cpp</itemPath>
      <itemPath>../src/Panorama.h</itemPath>
      <itemPath>../src/Player.cpp</itemPath>
      <itemPath>../src/Player.h</itemPath>
      <itemPath>../src/PreferencesDialog.cpp</itemPath>
      <itemPath>../src/PreferencesDialog.h</itemPath>
      <itemPath>../src/Settings.cpp</itemPath>
      <itemPath>../src/Settings.h</itemPath>
      <itemPath>../src/Utm.cpp</itemPath>
      <itemPath>../src/Utm.h</itemPath>
      <itemPath>../src/base64.cpp</itemPath>
      <itemPath>../src/base64.h</itemPath>
      <itemPath>../src/common.cpp</itemPath>
      <itemPath>../src/common.h</itemPath>
      <itemPath>../src/download.cpp</itemPath>
      <itemPath>../src/download.h</itemPath>
      <itemPath>../src/gl.h</itemPath>
      <itemPath>../src/statustext.cpp</itemPath>
      <itemPath>../src/statustext.h</itemPath>
      <itemPath>../src/title.png.h</itemPath>
    </logicalFolder>
    <logicalFolder name="TestFiles"
                   displayName="Test Files"
                   projectFiles="false"
                   kind="TEST_LOGICAL_FOLDER">
    </logicalFolder>
    <logicalFolder name="ExternalFiles"
                   displayName="Important Files"
                   projectFiles="false"
                   kind="IMPORTANT_FILES_FOLDER">
      <itemPath>Makefile</itemPath>
    </logicalFolder>
  </logicalFolder>
  <sourceRootList>
    <Elem>/home/paulwagener/project/streetview-explorer/src</Elem>
  </sourceRootList>
  <projectmakefile>Makefile</projectmakefile>
  <confs>
    <conf name="Debug" type="1">
      <toolsSet>
        <developmentServer>localhost</developmentServer>
        <compilerSet>GNU|GNU</compilerSet>
        <platform>2</platform>
      </toolsSet>
      <compileType>
        <ccTool>
          <incDir>
            <pElem>/usr/local/include/wx-2.9</pElem>
            <pElem>/usr/local/include</pElem>
          </incDir>
          <commandLine>`wx-config --cppflags`</commandLine>
        </ccTool>
        <linkerTool>
          <output>${CND_DISTDIR}/${CND_CONF}/${CND_PLATFORM}/linux</output>
          <commandlineTool>g++</commandlineTool>
          <linkerLibItems>
            <linkerOptionItem>`wx-config --libs --gl-libs`</linkerOptionItem>
          </linkerLibItems>
          <commandLine>-lcurl -ljpeg -lGLEW</commandLine>
        </linkerTool>
      </compileType>
    </conf>
    <conf name="Release" type="1">
      <toolsSet>
        <developmentServer>localhost</developmentServer>
        <compilerSet>GNU|GNU</compilerSet>
        <platform>2</platform>
      </toolsSet>
      <compileType>
        <cTool>
          <developmentMode>5</developmentMode>
        </cTool>
        <ccTool>
          <developmentMode>5</developmentMode>
          <incDir>
            <pElem>/usr/include;/usr/local/include/wx-2.9</pElem>
            <pElem>/usr/local/include</pElem>
          </incDir>
          <commandLine>`wx-config --cppflags`</commandLine>
          <preprocessorList>
            <Elem>CURL_STATICLIB</Elem>
          </preprocessorList>
        </ccTool>
        <fortranCompilerTool>
          <developmentMode>5</developmentMode>
        </fortranCompilerTool>
        <asmTool>
          <developmentMode>5</developmentMode>
        </asmTool>
        <linkerTool>
          <output>${CND_DISTDIR}/${CND_CONF}/${CND_PLATFORM}/StreetViewExplorer</output>
          <linkerLibItems>
            <linkerOptionItem>`wx-config --libs --gl-libs` `curl-config --static-libs` -Wl,-Bstatic -lGLEW -Wl,-Bdynamic</linkerOptionItem>
          </linkerLibItems>
        </linkerTool>
      </compileType>
    </conf>
  </confs>
</configurationDescriptor>
